Chas,McGrale,cmcgrale0@dmoz.org,139-955-2356,cmcgrale0@ted.com
Emile,Peakman,epeakman1@nydailynews.com,544-412-0840,epeakman1@guardian.com
Lindie,Jemmison,ljemmison2@tamu.edu,680-752-3953,ljemmison2@cam.ac.uk
Demetri,Gotthard,dgotthard3@flavors.me,865-792-6798,dgotthard3@latimes.com
Rocky,Padgham,rpadgham4@economist.com,286-920-5973,rpadgham4@blinklist.com
Iosep,McCuffie,imccuffie5@japanpost.jp,222-796-5991,imccuffie5@gmpg.org
